{"cameraMode":{"drawMode":0,"name":"Shaded","section":"Shading Mode"},"sceneLighting":false,"audioPlay":false,"sceneViewState":{"showFog":true,"showMaterialUpdate":false,"showSkybox":false,"showFlares":true,"showImageEffects":true,"showParticleSystems":true},"in2DMode":false,"pivot":{"x":5.6916327476501469,"y":-31.319252014160158,"z":-22.966228485107423},"rotation":{"x":-0.01649896427989006,"y":0.005999148823320866,"z":0.00009899462020257488,"w":0.9998462796211243},"size":0.8660253882408142,"orthographic":true}