{"cameraMode":{"drawMode":0,"name":"Shaded","section":"Shading Mode"},"sceneLighting":true,"audioPlay":false,"sceneViewState":{"showFog":true,"showMaterialUpdate":false,"showSkybox":true,"showFlares":true,"showImageEffects":true,"showParticleSystems":true},"in2DMode":false,"pivot":{"x":0.05279223620891571,"y":0.6237107515335083,"z":-0.09273618459701538},"rotation":{"x":-0.008505419827997685,"y":0.978210985660553,"z":0.2033906728029251,"w":0.040909621864557269},"size":0.15299946069717408,"orthographic":false}